{
    "name": "root",
    "gauges": {
        "Walker.Policy.Entropy.mean": {
            "value": 1.1535948514938354,
            "min": 1.1535766124725342,
            "max": 1.3416593074798584,
            "count": 963
        },
        "Walker.Policy.Entropy.sum": {
            "value": 38945.36328125,
            "min": 21638.07421875,
            "max": 51353.4453125,
            "count": 963
        },
        "Walker.Environment.EpisodeLength.mean": {
            "value": 1247.5,
            "min": 6.375,
            "max": 165037.0,
            "count": 720
        },
        "Walker.Environment.EpisodeLength.sum": {
            "value": 2495.0,
            "min": 12.0,
            "max": 250738.0,
            "count": 720
        },
        "Walker.Step.mean": {
            "value": 29999147.0,
            "min": 1139838.0,
            "max": 29999147.0,
            "count": 963
        },
        "Walker.Step.sum": {
            "value": 29999147.0,
            "min": 1139838.0,
            "max": 29999147.0,
            "count": 963
        },
        "Walker.Policy.ExtrinsicValueEstimate.mean": {
            "value": 455.79547119140625,
            "min": 40.55006790161133,
            "max": 457.92413330078125,
            "count": 963
        },
        "Walker.Policy.ExtrinsicValueEstimate.sum": {
            "value": 13673.8642578125,
            "min": 12552.6328125,
            "max": 35035.2578125,
            "count": 963
        },
        "Walker.Environment.CumulativeReward.mean": {
            "value": 5622.283203125,
            "min": 13.851423859596252,
            "max": 370237.40480804443,
            "count": 720
        },
        "Walker.Environment.CumulativeReward.sum": {
            "value": 5622.283203125,
            "min": 36.940887451171875,
            "max": 573375.3028898239,
            "count": 720
        },
        "Walker.Policy.ExtrinsicReward.mean": {
            "value": 5622.283203125,
            "min": 13.851423859596252,
            "max": 370237.40480804443,
            "count": 720
        },
        "Walker.Policy.ExtrinsicReward.sum": {
            "value": 5622.283203125,
            "min": 36.940887451171875,
            "max": 573375.3028898239,
            "count": 720
        },
        "Walker.Losses.PolicyLoss.mean": {
            "value": 0.016539919923525305,
            "min": 0.009136720315245839,
            "max": 0.024164059199392796,
            "count": 963
        },
        "Walker.Losses.PolicyLoss.sum": {
            "value": 0.016539919923525305,
            "min": 0.009136720315245839,
            "max": 0.043343357850487034,
            "count": 963
        },
        "Walker.Losses.ValueLoss.mean": {
            "value": 1.7401828328768412,
            "min": 0.5959543029467265,
            "max": 1973.1904174804688,
            "count": 963
        },
        "Walker.Losses.ValueLoss.sum": {
            "value": 1.7401828328768412,
            "min": 0.5959543029467265,
            "max": 2216.039471435547,
            "count": 963
        },
        "Walker.Policy.LearningRate.mean": {
            "value": 1.7862994048998794e-07,
            "min": 1.7862994048998794e-07,
            "max": 0.0002886929337690233,
            "count": 963
        },
        "Walker.Policy.LearningRate.sum": {
            "value": 1.7862994048998794e-07,
            "min": 1.7862994048998794e-07,
            "max": 0.0005763587978804031,
            "count": 963
        },
        "Walker.Policy.Epsilon.mean": {
            "value": 0.10005950999999998,
            "min": 0.10005950999999998,
            "max": 0.19623097666666664,
            "count": 963
        },
        "Walker.Policy.Epsilon.sum": {
            "value": 0.10005950999999998,
            "min": 0.10005950999999998,
            "max": 0.3921195966666666,
            "count": 963
        },
        "Walker.Policy.Beta.mean": {
            "value": 1.29695489999998e-05,
            "min": 1.29695489999998e-05,
            "max": 0.0048119257356666655,
            "count": 963
        },
        "Walker.Policy.Beta.sum": {
            "value": 1.29695489999998e-05,
            "min": 1.29695489999998e-05,
            "max": 0.009606767873666665,
            "count": 963
        },
        "Walker.IsTraining.mean": {
            "value": 1.0,
            "min": 1.0,
            "max": 1.0,
            "count": 963
        },
        "Walker.IsTraining.sum": {
            "value": 1.0,
            "min": 1.0,
            "max": 1.0,
            "count": 963
        }
    },
    "metadata": {
        "timer_format_version": "0.1.0",
        "start_time_seconds": "1733383691",
        "python_version": "3.10.14 (main, Oct  1 2024, 16:13:45) [GCC 13.2.0]",
        "command_line_arguments": "/home/s22024/Unity/waler/bin/mlagents-learn config/walker_config.yaml --run-id=forward2 --resume",
        "mlagents_version": "1.0.0",
        "mlagents_envs_version": "1.0.0",
        "communication_protocol_version": "1.5.0",
        "pytorch_version": "2.5.1+cu118",
        "numpy_version": "1.23.3",
        "end_time_seconds": "1733418585"
    },
    "total": 34893.00026378101,
    "count": 1,
    "self": 0.005169380005099811,
    "children": {
        "run_training.setup": {
            "total": 0.017141717005870305,
            "count": 1,
            "self": 0.017141717005870305
        },
        "TrainerController.start_learning": {
            "total": 34892.977952684,
            "count": 1,
            "self": 8.395898337752442,
            "children": {
                "TrainerController._reset_env": {
                    "total": 5.428480667003896,
                    "count": 1,
                    "self": 5.428480667003896
                },
                "TrainerController.advance": {
                    "total": 34879.11452237025,
                    "count": 373195,
                    "self": 9.03883316477004,
                    "children": {
                        "env_step": {
                            "total": 28454.242868575777,
                            "count": 373195,
                            "self": 27640.144494005,
                            "children": {
                                "SubprocessEnvManager._take_step": {
                                    "total": 809.038516188928,
                                    "count": 373195,
                                    "self": 45.90158214059193,
                                    "children": {
                                        "TorchPolicy.evaluate": {
                                            "total": 763.1369340483361,
                                            "count": 361654,
                                            "self": 763.1369340483361
                                        }
                                    }
                                },
                                "workers": {
                                    "total": 5.059858381850063,
                                    "count": 373195,
                                    "self": 0.0,
                                    "children": {
                                        "worker_root": {
                                            "total": 34880.082664676884,
                                            "count": 373195,
                                            "is_parallel": true,
                                            "self": 8461.654627521435,
                                            "children": {
                                                "run_training.setup": {
                                                    "total": 0.0,
                                                    "count": 0,
                                                    "is_parallel": true,
                                                    "self": 0.0,