{"cameraMode":{"drawMode":0,"name":"Shaded","section":"Shading Mode"},"sceneLighting":false,"audioPlay":false,"sceneViewState":{"m_AlwaysRefresh":false,"showFog":true,"showSkybox":false,"showFlares":true,"showImageEffects":true,"showParticleSystems":true,"showVisualEffectGraphs":true,"m_FxEnabled":true},"in2DMode":false,"pivot":{"x":-14.705049514770508,"y":1.0415220260620118,"z":-5.032610893249512},"rotation":{"x":0.057524148374795917,"y":-0.9245004653930664,"z":0.15479524433612824,"w":0.34355467557907107},"size":2.0320444107055666,"orthographic":false}