{"cameraMode":{"drawMode":0,"name":"Shaded","section":"Shading Mode"},"sceneLighting":false,"audioPlay":false,"sceneViewState":{"m_AlwaysRefresh":false,"showFog":true,"showSkybox":false,"showFlares":true,"showImageEffects":true,"showParticleSystems":true,"showVisualEffectGraphs":true,"m_FxEnabled":true},"in2DMode":false,"pivot":{"x":-15.620260238647461,"y":0.04489988088607788,"z":-5.514984130859375},"rotation":{"x":0.057524148374795917,"y":-0.9245004653930664,"z":0.15479524433612824,"w":0.34355467557907107},"size":2.4438230991363527,"orthographic":false}