{"cameraMode":{"drawMode":0,"name":"Shaded","section":"Shading Mode"},"sceneLighting":false,"audioPlay":false,"sceneViewState":{"m_AlwaysRefresh":false,"showFog":true,"showSkybox":false,"showFlares":true,"showImageEffects":true,"showParticleSystems":true,"showVisualEffectGraphs":true,"m_FxEnabled":true},"in2DMode":false,"pivot":{"x":2.7980594635009767,"y":-2.0016021728515627,"z":-9.607303619384766},"rotation":{"x":0.0014173007803037763,"y":-0.9917888641357422,"z":0.1274547129869461,"w":0.011014164425432682},"size":28.02460479736328,"orthographic":false}