{"count":1,"self":434.66204159999995,"total":662.37904099999992,"children":{"InitializeActuators":{"count":1,"self":0.001143,"total":0.001143,"children":null},"InitializeSensors":{"count":1,"self":0.00091999999999999992,"total":0.00091999999999999992,"children":null},"AgentSendState":{"count":314917,"self":0.546559,"total":2.6102559999999997,"children":{"CollectObservations":{"count":62984,"self":0.851645,"total":0.851645,"children":null},"WriteActionMask":{"count":62984,"self":0.058811999999999996,"total":0.058811999999999996,"children":null},"RequestDecision":{"count":62984,"self":0.240428,"total":1.15324,"children":{"AgentInfo.ToProto":{"count":62984,"self":0.286003,"total":0.912812,"children":{"GenerateSensorData":{"count":62984,"self":0.626809,"total":0.626809,"children":null}}}}}}},"DecideAction":{"count":314917,"self":217.17053439999998,"total":217.170541,"children":null},"AgentAct":{"count":314917,"self":7.8642192,"total":7.933775,"children":{"AgentInfo.ToProto":{"count":5128,"self":0.021379,"total":0.069555999999999993,"children":{"GenerateSensorData":{"count":5128,"self":0.048177,"total":0.048177,"children":null}}}}}},"gauges":{"Walker.CumulativeReward":{"count":5128,"max":-0.1600005,"min":-0.5600002,"runningAverage":-0.4267883,"value":-0.440000236,"weightedAverage":-0.398792982}},"metadata":{"timer_format_version":"0.1.0","start_time_seconds":"1732668149","unity_version":"2022.3.4f1","command_line_arguments":"\/home\/s22024\/Unity\/Hub\/Editor\/2022.3.4f1\/Editor\/Unity -projectpath \/home\/s22024\/Unity\/walker -useHub -hubIPC -cloudEnvironment production","communication_protocol_version":"1.5.0","com.unity.ml-agents_version":"3.0.0-exp.1","scene_name":"WalkerScene","end_time_seconds":"1732668812"}}