{"count":1,"self":5.943466,"total":5.9726289999999995,"children":{"InitializeActuators":{"count":1,"self":0.0012259999999999999,"total":0.0012259999999999999,"children":null},"InitializeSensors":{"count":1,"self":0.001107,"total":0.001107,"children":null},"AgentSendState":{"count":252,"self":0.001882,"total":0.0047659999999999994,"children":{"CollectObservations":{"count":51,"self":0.001568,"total":0.001568,"children":null},"WriteActionMask":{"count":51,"self":0.00025299999999999997,"total":0.00025299999999999997,"children":null},"RequestDecision":{"count":51,"self":0.001063,"total":0.001063,"children":null}}},"DecideAction":{"count":252,"self":0.015129,"total":0.015129,"children":null},"AgentAct":{"count":252,"self":0.0065969999999999996,"total":0.0065969999999999996,"children":null}},"gauges":{"Walker.CumulativeReward":{"count":3,"max":-0.250000417,"min":-0.430000246,"runningAverage":-0.3700003,"value":-0.430000246,"weightedAverage":-0.328750342}},"metadata":{"timer_format_version":"0.1.0","start_time_seconds":"1732684621","unity_version":"2022.3.4f1","command_line_arguments":"\/home\/s22024\/Unity\/Hub\/Editor\/2022.3.4f1\/Editor\/Unity -projectpath \/home\/s22024\/Unity\/walker -useHub -hubIPC -cloudEnvironment production","communication_protocol_version":"1.5.0","com.unity.ml-agents_version":"3.0.0-exp.1","scene_name":"WalkerScene","end_time_seconds":"1732684627"}}