{"count":1,"self":37.1674496,"total":99.085415,"children":{"InitializeActuators":{"count":1,"self":0.001671,"total":0.001671,"children":null},"InitializeSensors":{"count":1,"self":0.001499,"total":0.001499,"children":null},"AgentSendState":{"count":91817,"self":0.160659,"total":0.75893,"children":{"CollectObservations":{"count":18364,"self":0.23855099999999999,"total":0.23855099999999999,"children":null},"WriteActionMask":{"count":18364,"self":0.014012,"total":0.014012,"children":null},"RequestDecision":{"count":18364,"self":0.06989,"total":0.34570799999999996,"children":{"AgentInfo.ToProto":{"count":18364,"self":0.084137999999999991,"total":0.275818,"children":{"GenerateSensorData":{"count":18364,"self":0.19168,"total":0.19168,"children":null}}}}}}},"DecideAction":{"count":91817,"self":58.626368,"total":58.626369,"children":null},"AgentAct":{"count":91817,"self":2.5069559999999997,"total":2.5291539999999997,"children":{"AgentInfo.ToProto":{"count":1552,"self":0.0068119999999999995,"total":0.022198,"children":{"GenerateSensorData":{"count":1552,"self":0.015385999999999999,"total":0.015385999999999999,"children":null}}}}}},"gauges":{"Walker.CumulativeReward":{"count":1552,"max":-0.240000427,"min":-0.5400002,"runningAverage":-0.449033827,"value":-0.430000246,"weightedAverage":-0.413763583}},"metadata":{"timer_format_version":"0.1.0","start_time_seconds":"1732612385","unity_version":"2022.3.4f1","command_line_arguments":"\/home\/s22024\/Unity\/Hub\/Editor\/2022.3.4f1\/Editor\/Unity -projectpath \/home\/s22024\/Unity\/walker -useHub -hubIPC -cloudEnvironment production","communication_protocol_version":"1.5.0","com.unity.ml-agents_version":"3.0.0-exp.1","scene_name":"WalkerScene","end_time_seconds":"1732612484"}}