{"count":1,"self":25514.6819584,"total":42115.525381,"children":{"InitializeActuators":{"count":80,"self":0.002123,"total":0.002123,"children":null},"InitializeSensors":{"count":80,"self":0.001273,"total":0.001273,"children":null},"AgentSendState":{"count":1877601,"self":74.1276288,"total":646.02722899999992,"children":{"CollectObservations":{"count":30041680,"self":353.22654719999997,"total":353.226542,"children":null},"WriteActionMask":{"count":30041680,"self":12.692113599999999,"total":12.692114,"children":null},"RequestDecision":{"count":30041680,"self":47.2423072,"total":205.980945,"children":{"AgentInfo.ToProto":{"count":30041680,"self":39.256592,"total":158.73863799999998,"children":{"GenerateSensorData":{"count":30041680,"self":119.48204799999999,"total":119.482045,"children":null}}}}}}},"DecideAction":{"count":1877601,"self":12365.677363199999,"total":12365.677112,"children":null},"AgentAct":{"count":1877601,"self":3583.430656,"total":3589.13481,"children":{"AgentInfo.ToProto":{"count":343127,"self":1.841178,"total":5.704294,"children":{"GenerateSensorData":{"count":343127,"self":3.8631159999999998,"total":3.8631159999999998,"children":null}}}}}},"gauges":{"Walker.CumulativeReward":{"count":343127,"max":13396.4375,"min":-7745.88135,"runningAverage":38.34948,"value":1.27,"weightedAverage":551.191833}},"metadata":{"timer_format_version":"0.1.0","start_time_seconds":"1732890846","unity_version":"2022.3.4f1","command_line_arguments":"\/home\/s22024\/Unity\/Hub\/Editor\/2022.3.4f1\/Editor\/Unity -projectpath \/home\/s22024\/Unity\/walker -useHub -hubIPC -cloudEnvironment production","communication_protocol_version":"1.5.0","com.unity.ml-agents_version":"3.0.0-exp.1","scene_name":"WalkerScene","end_time_seconds":"1732932961"}}