{
    "name": "root",
    "gauges": {
        "Walker.Policy.Entropy.mean": {
            "value": 1.4165592193603516,
            "min": 1.4165592193603516,
            "max": 1.4204427003860474,
            "count": 16
        },
        "Walker.Policy.Entropy.sum": {
            "value": 42496.77734375,
            "min": 42489.515625,
            "max": 42613.28125,
            "count": 16
        },
        "Walker.Environment.EpisodeLength.mean": {
            "value": 2.2029465143589197,
            "min": 2.0868312757201646,
            "max": 2.3964677912374053,
            "count": 16
        },
        "Walker.Environment.EpisodeLength.sum": {
            "value": 20635.0,
            "min": 20284.0,
            "max": 21168.0,
            "count": 16
        },
        "Walker.Step.mean": {
            "value": 479999.0,
            "min": 29999.0,
            "max": 479999.0,
            "count": 16
        },
        "Walker.Step.sum": {
            "value": 479999.0,
            "min": 29999.0,
            "max": 479999.0,
            "count": 16
        },
        "Walker.Policy.ExtrinsicValueEstimate.mean": {
            "value": -1.0676922798156738,
            "min": -1.0698919296264648,
            "max": -0.3934190273284912,
            "count": 16
        },
        "Walker.Policy.ExtrinsicValueEstimate.sum": {
            "value": -10001.0732421875,
            "min": -10357.2578125,
            "max": -3474.6767578125,
            "count": 16
        },
        "Walker.Environment.CumulativeReward.mean": {
            "value": -1.1292985783858271,
            "min": -1.1398822114519451,
            "max": -1.1234993024279103,
            "count": 16
        },
        "Walker.Environment.CumulativeReward.sum": {
            "value": -10578.139783740044,
            "min": -10919.28972029686,
            "max": -10067.43969154358,
            "count": 16
        },
        "Walker.Policy.ExtrinsicReward.mean": {
            "value": -1.1292985783858271,
            "min": -1.1398822114519451,
            "max": -1.1234993024279103,
            "count": 16
        },
        "Walker.Policy.ExtrinsicReward.sum": {
            "value": -10578.139783740044,
            "min": -10919.28972029686,
            "max": -10067.43969154358,
            "count": 16
        },
        "Walker.Losses.PolicyLoss.mean": {
            "value": 0.016278659891395365,
            "min": 0.01428499134684292,
            "max": 0.020050088005761305,
            "count": 16
        },
        "Walker.Losses.PolicyLoss.sum": {
            "value": 0.03255731978279073,
            "min": 0.01428499134684292,
            "max": 0.035828061831125524,
            "count": 16
        },
        "Walker.Losses.ValueLoss.mean": {
            "value": 0.0008982500682274501,
            "min": 0.0008982500682274501,
            "max": 0.1390599890301625,
            "count": 16
        },
        "Walker.Losses.ValueLoss.sum": {
            "value": 0.0017965001364549003,
            "min": 0.001053447639181589,
            "max": 0.1390599890301625,
            "count": 16
        },
        "Walker.Policy.LearningRate.mean": {
            "value": 0.000295391236536255,
            "min": 0.000295391236536255,
            "max": 0.00029979516006827997,
            "count": 16
        },
        "Walker.Policy.LearningRate.sum": {
            "value": 0.00059078247307251,
            "min": 0.0002956984614338466,
            "max": 0.0005985661904779366,
            "count": 16
        },
        "Walker.Policy.Epsilon.mean": {
            "value": 0.19846374500000005,
            "min": 0.19846374500000005,
            "max": 0.19993172000000006,
            "count": 16
        },
        "Walker.Policy.Epsilon.sum": {
            "value": 0.3969274900000001,
            "min": 0.19856615333333327,
            "max": 0.3995220633333334,
            "count": 16
        },
        "Walker.Policy.Beta.mean": {
            "value": 0.004923340875499999,
            "min": 0.004923340875499999,
            "max": 0.0049965928279999995,
            "count": 16
        },
        "Walker.Policy.Beta.sum": {
            "value": 0.009846681750999998,
            "min": 0.004928451051333331,
            "max": 0.009976150960333337,
            "count": 16
        },
        "Walker.IsTraining.mean": {
            "value": 1.0,
            "min": 1.0,
            "max": 1.0,
            "count": 16
        },
        "Walker.IsTraining.sum": {
            "value": 1.0,
            "min": 1.0,
            "max": 1.0,
            "count": 16
        }
    },
    "metadata": {
        "timer_format_version": "0.1.0",
        "start_time_seconds": "1732758301",
        "python_version": "3.10.14 (main, Oct  1 2024, 16:13:45) [GCC 13.2.0]",
        "command_line_arguments": "/home/s22024/Unity/waler/bin/mlagents-learn config/walker_config.yaml --run-id=stand",
        "mlagents_version": "1.0.0",
        "mlagents_envs_version": "1.0.0",
        "communication_protocol_version": "1.5.0",
        "pytorch_version": "2.5.1+cu118",
        "numpy_version": "1.23.3",
        "end_time_seconds": "1732759796"
    },
    "total": 1495.22884858,
    "count": 1,
    "self": 0.006702166999275505,
    "children": {
        "run_training.setup": {
            "total": 0.012849714999902062,
            "count": 1,
            "self": 0.012849714999902062
        },
        "TrainerController.start_learning": {
            "total": 1495.2092966980008,
            "count": 1,
            "self": 3.196567328970559,
            "children": {
                "TrainerController._reset_env": {
                    "total": 12.46654411399959,
                    "count": 1,
                    "self": 12.46654411399959
                },
                "TrainerController.advance": {
                    "total": 1479.3330634890308,
                    "count": 140927,
                    "self": 2.34131376825826,
                    "children": {
                        "env_step": {
                            "total": 1147.074304483861,
                            "count": 140927,
                            "self": 1083.6604778738474,
                            "children": {
                                "SubprocessEnvManager._take_step": {
                                    "total": 61.786437803959416,
                                    "count": 140927,
                                    "self": 3.3189075269492605,
                                    "children": {
                                        "TorchPolicy.evaluate": {
                                            "total": 58.467530277010155,
                                            "count": 48261,
                                            "self": 58.467530277010155
                                        }
                                    }
                                },
                                "workers": {
                                    "total": 1.627388806054114,
                                    "count": 140926,
                                    "self": 0.0,
                                    "children": {
                                        "worker_root": {
                                            "total": 1431.5470522149453,
                                            "count": 140926,
                                            "is_parallel": true,
                                            "self": 519.3131310610779,
                                            "children": {
                                                "run_training.setup": {
                                                    "total": 0.0,
                                                    "count": 0,
                                                    "is_parallel": true,
                                                    "self": 0.0,